id;created_at;updated_at;order_number;shopify_order_id;order_name;store_id
1;2019-08-16T18:55:26;2019-08-16T08:47:45;95071;18343;multi-byte Savings Account Dam;1
2;2019-08-17T01:30:48;2019-08-17T02:31:08;45924;86617;Savings Account alarm;2
3;2019-08-17T03:25:07;2019-08-17T02:33:32;96990;72199;Implementation Electronics Officer;3
4;2019-08-16T13:05:36;2019-08-16T20:36:40;61165;52475;web-readiness;4
5;2019-08-16T20:55:24;2019-08-16T15:19:06;61185;39986;Gorgeous Frozen Pants;5
6;2019-08-16T22:19:35;2019-08-16T16:58:02;9060;78517;grey Cambridgeshire;6
7;2019-08-16T13:41:42;2019-08-16T16:42:38;4645;85994;Yuan Renminbi Centers;7
8;2019-08-17T03:35:40;2019-08-16T05:08:23;94220;96563;cross-platform access;8
9;2019-08-17T01:34:07;2019-08-16T22:22:17;68423;24102;Bahamian Dollar Investment Account;9
10;2019-08-16T07:54:59;2019-08-17T03:05:15;17336;90932;Digitized invoice;10
